P_home_lowrisk,P_L23_highrisk,Sen_traditional,Spec_traditional,Best RMSE
0.1691648634385584,0.32564924476466,0.7647893454249056,0.6309634769746749,0.09029850189858599
