P_home_lowrisk,P_L23_highrisk,Sen_traditional,Spec_traditional,Best RMSE
0.16918051215337476,0.32549340278760674,0.7640751609288442,0.6306166695986982,0.08707655149542355
