p_aph,p_ruptured_uterus,Best RMSE
0.017596498808510448,0.01912024536848466,0.005627763127603955
