p_elec_CS|highrisk,p_elec_CS|preterm,t_l23_l45_preterm,p_cs_capacity_l23,p_cs_capacity_l45,t_l23_l45_notsevere,delta_severe_vs_notsevere,p_comp_severe_lowrisk,p_eclampsia,p_OL_scale,p_pph_other,p_mat_sepsis_other,Weighted_RMSE
0.0641993907079648,0.7798974906998202,80.94848891906021,0.0568276088420431,0.12151052279269169,74.23582534975061,40.0,0.050139865750540594,0.01644362756525529,0.7982467648002306,0.01,0.03563750929124787,0.6128967006642535
