P_home_noANC,P_l45_fac,P_home_lowrisk,P_L23_highrisk,Sen_traditional,Spec_traditional,Best RMSE
0.7101114281953853,0.3204228024060687,0.13912990665043845,0.3191565363157117,0.8,0.8,0.43664287014477954
