p_elec_CS|highrisk,p_elec_CS|preterm,t_l23_l45_preterm,p_cs_capacity_l23,p_cs_capacity_l45,sen_comp_trad,spec_comp_trad,t_l23_l45_notsevere,delta_severe_vs_notsevere,p_comp_severe_lowrisk,p_eclampsia,p_OL_scale,p_pph_other,p_mat_sepsis_other,Weighted_RMSE
0.13939749114841274,0.571251941387741,88.0044578574405,0.05299434017922051,0.10828913216933543,0.6268088291113303,0.6178106745337701,82.08436996106937,39.13812608141657,0.06004045347783263,0.016453727765551672,0.7130202349894518,0.019246433302235962,0.046764628611146386,2.3262794965537243
