P_home_lowrisk,P_L23_highrisk,Sen_traditional,Spec_traditional,Best RMSE
0.1764186021479369,0.129568700344372,0.6980528425412349,0.6020236648124132,3.14702658546048
