p_elec_CS|highrisk,p_elec_CS|preterm,Best RMSE
0.06090004504576431,0.8,0.005493961012891567
