P_home_noANC,P_l45_fac,P_home_lowrisk,P_L23_highrisk,Sen_traditional,Spec_traditional,Best RMSE
0.6912241105663863,0.17439872220451108,0.17373731125804384,0.3750854942082509,0.7862156803567945,0.6,2.2950747529396693
