P_home_noANC,P_l45_fac,P_home_lowrisk,P_L23_highrisk,Sen_traditional,Spec_traditional,Best RMSE
0.7051529825570796,0.1,0.15264967694028062,0.275941847006445,0.6896721421134653,0.6873491266920614,0.03480225614163338
