p_aph,p_eclampsia,p_ruptured_uterus,p_cs_capacity_l23,p_cs_capacity_l45,p_OL_scale,p_pph_other,p_mat_sepsis_other,Best RMSE
0.017876643643994744,0.015885640947086152,0.019668950729122257,0.04808874704883497,0.18205850497424236,0.9136615570026116,0.01,0.038335801246270465,0.025545231332832093
